"Gene","Log_fold_Change","P_Value"
"ENSG00000241945",3.00723994398448,0.0046223706636878
"ENSG00000279104",3.4964258261195,0.0210896104388859
